Year,Month,Date,Monthly_sales_adjusted_to_a_constant,Sales_Scale_Constant,Monthly_sales_total,Market__Share,Seasonality_.Monthly.,Trend,Random,Time_Variable,Monthly_sales_lag1,Monthly_sales_lag2,Expected_consumers_income_millions,Health_Consciousness_Rate,Sulphate_content,Personal_Consumption_Expenditures,Population_growth,Consumer_Price_Index_Urban,Total_Market_Size_Cumulative,Total_Market_Size_Monthly,Market_Share,Price_Per_Unit,Advertising_costs,Advertising_costs_lag1,Advertising_costs_lag2,Advertising_costs_lag3,Advertising_costs_lag4,Advertising_costs_lag5,Advertising_costs_lag6,Advertising_costs_lag7,Advertising_costs_lag8,Advertising_costs_lag9,Number_of_Distributors,Number_of_Retail_Locations,Discount_Percentage,Temperature,NORTH_REGION,SOUTH_REGION,NORTH_STORE1,NORTH_STORE2,SOUTH_STORE1,SOUTH_STORE2,SOUTH_STORE3
2004,4,1/4/2004,126,5698281.299,658663892.3,31.6,1.4,1.002,33,2,125,123,359.4615495,5.6,96.2677,8141.6,188311455.7,187.4,24268673435,2274379179,31.6,NA,7373622.123,7473872.916,7506335.036,7437522.046,7372736.05,7306475.031,7234408.93,6268148.422,6300935.446,6063523.547,17,4,5.7,33,NA,NA,NA,NA,NA,NA,NA
2004,8,1/8/2004,133,5378607.856,671827494.7,26.1,5.37824,1.01,66,6,131,130,360.2087344,5.4,97.0723,8294.4,188957344.5,189.2,25004924979,2744949313,26.1,10.9,6808533.725,6925582.262,7132892.322,7371884.481,7521874.187,7410734.829,7401084.26,7450141.896,7234954.839,NA,13,3,6,36,398894100.7,277197595.4,147590817.3,251303283.4,113651014.1,78502359.02,85044222.27
2004,7,1/7/2004,131,5456804.347,677114762.8,28.2,3.8416,1.008,65,5,130,128,360.0362534,5.5,97.0032,8270.7,188728886.5,NA,24818794115,2537006917,28.2,10.8,6650320.945,6644256.364,6699160.789,6808533.725,6925582.262,7132892.322,7371884.481,7521874.187,7410734.829,7401084.26,21,5,7.9,30,170024474.4,459695801.3,68009789.78,102014684.7,142505698.4,158595051.4,158595051.4
2004,9,1/9/2004,139,5301531.926,678107834.5,24.3,7.529536,1.012,33,7,133,131,360.6362534,5.4,97.1565,8373,189226848.5,189.8,25192451749,3032001052,24.3,9.7,6926868.075,6650320.945,6644256.364,6699160.789,6808533.725,6925582.262,7132892.322,7371884.481,7521874.187,7410734.829,22,6,6.3,26,292047024.3,371696212.8,110977869.2,181069155.1,159829371.5,91102741.75,120764099.5
2004,6,1/6/2004,130,5536137.693,679605633.4,28.2,2.744,1.006,36,4,128,126,359.8362534,5.6,96.2562,8204.6,188686441.1,188.9,24634048766,2554173135,28.2,8.4,6957573.258,6926868.075,6650320.945,6644256.364,6699160.789,6808533.725,6925582.262,7132892.322,7371884.481,7521874.187,23,6,8,22,318668762.7,345224492.9,140214255.6,178454507.1,103567347.9,152244001.4,89413143.66
2004,5,1/5/2004,128,5616624.421,683850798,30,1.96,1.004,74,3,126,125,NA,5.6,97.0723,8212.9,188581051.5,188.2,24450678618,2392987916,30,9.9,8297727.131,7686389.721,7047623.699,6975109.489,6945159.564,6957573.258,6926868.075,6650320.945,6644256.364,6699160.789,16,4,6.8,34,340356879,368719952.2,115721338.9,224635540.1,250729567.5,43656442.34,74333942.37
2004,3,1/3/2004,125,5781125.34,684804727.4,32.7,1,1,57,1,123,121,359.2615495,5.8,95.8684,8121,188093461.5,187.1,24088023057,2208068780,32.7,8.5,8247021.827,8297727.131,7686389.721,7047623.699,6975109.489,6945159.564,6957573.258,6926868.075,6650320.945,6644256.364,16,4,6.7,33,196643237.7,531665049.9,131750969.2,64892268.43,191399418,183743441.3,156522190.7
2004,10,1/10/2004,142,5225560.502,695634327.5,25.9,NA,1.014,27,8,139,133,361.2362534,5.5,98.0701,8417.9,189441052.9,190.8,25381384894,2866814943,25.9,9.7,7451394.112,7961091.223,7961091.223,7665771.004,7885137.872,8125265.854,8247021.827,8297727.131,7686389.721,7047623.699,27,7,7.6,20,283653776.8,295231482,190048030.5,93605746.35,73807870.5,81926736.25,139496875.2
2004,11,1/11/2004,145,5150677.755,710355148.8,28.9,3.61417728,1.016,56,9,142,139,361.7087344,5.4,98.2541,8458.4,189667217.2,191.7,25571734960,2585380099,28.9,9.6,7338173.128,7451394.112,7196414.382,7220510.989,7244415.589,7268130.991,7429089.092,9010419.93,7451394.112,NA,23,6,9.7,37,190319905.4,514568633.3,78031161.23,112288744.2,349906670.6,62571545.8,102090416.8
2004,12,1/12/2004,150,5076868.084,723686258.1,31.4,2.168506368,1.018,74,10,145,142,362.3789224,5.4,98.9703,8516.5,189947650.4,191.7,25763512575,2421645392,31.4,8.3,7538991.494,7560497.045,7603050.91,7517330.874,7338173.128,7451394.112,7196414.382,7220510.989,7244415.589,7268130.991,33,8,6.5,22,524256727.1,156596165.3,356494574.5,167762152.7,61072504.45,57314196.48,38209464.32
2005,12,1/12/2005,172,4269469.058,567065057.2,28.1,0.874149298,1.042,54,22,167,163,366.4182534,4.9,101.4873,9026.8,192185463.4,198.1,28804406654,2610195153,28.1,11.1,6098611.799,6098611.799,6088611.799,6078611.799,6068611.799,6058611.799,6048611.799,6038611.799,6028611.799,6018611.799,2,1,4.8,28,368851779.7,289812112.6,173360336.5,195491443.2,139109814.1,82886264.21,67816034.35
2005,1,1/1/2005,128,5004116.113,579082142.3,27.9,1,1.02,34,11,150,145,362.3197344,5.3,99.417,8521.2,190087558.1,191.6,26004163961,2294867470,27.9,10.6,6063523.547,6098611.799,6098611.799,6098611.799,6088611.799,6078611.799,6068611.799,6058611.799,6048611.799,6038611.799,4,2,4.3,34,339802816.7,339802816.7,152911267.5,186891549.2,74756619.67,132523098.5,132523098.5
2005,11,1/11/2005,167,4331540.418,634134803.1,28.2,0.882979089,1.04,42,21,163,160,366.545763,5,100.9014,8987.7,192015467,NA,28537840868,2565040921,28.2,11.8,6063523.547,6063523.547,5955727.449,5992091.669,6028020.037,5992091.669,6028020.037,6063523.547,6063523.547,6028020.037,9,2,5.5,32,225089179.4,418022761.8,135053507.7,90035671.77,267534567.5,55680631.87,94807562.37
2005,8,1/8/2005,154,4523221.686,640890684.8,27.6,1.012255215,1.034,44,18,157,151,365.462763,4.9,100.5151,8872.6,191266958.4,196.1,27752853749,2521094014,27.6,10.6,6201478.758,6028020.037,6167580.286,6063523.547,6063523.547,5955727.449,5992091.669,6028020.037,5992091.669,6028020.037,11,3,3.6,36,256356273.9,384534410.9,105106072.3,151250201.6,134587043.8,159966314.9,89981052.15
2005,5,1/5/2005,148,4723385.319,643111941.2,28.2,1.16985856,1.028,75,15,145,143,363.8912534,5.1,100.2414,8680.6,190606422.7,193.6,26989459181,2483294318,28.2,10.6,5918917.382,6201478.758,6028020.037,6167580.286,6063523.547,6063523.547,5955727.449,5992091.669,6028020.037,5992091.669,13,3,4.4,34,335994328.6,322818080.4,167997164.3,167997164.3,64563616.08,111049419.7,147205044.7
2005,4,1/4/2005,145,NA,650102504.1,28.3,1.124864,1.026,67,14,143,142,363.5302534,5.2,100.0742,8715.9,190425274.9,193.7,26739689537,NA,28.3,10.9,6268148.422,6300935.446,6063523.547,6201478.758,6133294.067,5918917.382,6201478.758,6028020.037,6167580.286,6063523.547,12,3,6.5,23,129542902,518171607.8,45340015.69,84202886.27,170996630.6,104152493.2,243022484.1
2005,2,1/2/2005,142,4932406.683,654921708.3,29.3,1.04,1.022,60,12,128,150,362.5509224,5.4,100.0955,8575.7,190100135.5,192.4,26247063219,2389707616,29.3,9.2,7437522.046,NA,7306475.031,7234408.93,6268148.422,6300935.446,6063523.547,6201478.758,6133294.067,5918917.382,11,3,5.3,35,329143633.2,342578067.2,121783144.3,207360488.9,143882788.2,93386781.12,105308497.9
2005,9,1/9/2005,160,4458403.516,658812409,28.3,0.900907141,1.036,36,19,154,157,364.8111139,5,98.6063,8923.6,191637898.6,198.8,28012087140,2521509741,28.3,10.6,7408825.502,7373622.123,7473872.916,7506335.036,7437522.046,7372736.05,7306475.031,7234408.93,6268148.422,6300935.446,19,5,4.5,31,238489392.5,406076533.2,138323847.7,100165544.9,121822960,110858893.6,173394679.7
2005,6,1/6/2005,151,4655698.787,662985769.6,27.9,1.216652902,1.03,77,16,148,145,364.6217406,5,100.6437,8775.3,190838212.1,193.7,27241561868,2515944635,27.9,10.5,7450141.896,7234954.839,7408825.502,7373622.123,7473872.916,7506335.036,7437522.046,7372736.05,7306475.031,7234408.93,20,5,6.7,19,397466152.3,264977434.9,202707737.7,194758414.6,37096840.88,107103879.2,120776714.8
2005,3,1/3/2005,143,4861724.857,665098238.1,28.7,1.0816,1.024,75,13,142,128,362.7797407,5.2,99.9283,8622.5,190292490.5,193.1,26492231347,2420203093,28.7,9.6,7521874.187,7410734.829,NA,7450141.896,7234954.839,NA,7373622.123,7473872.916,7506335.036,7437522.046,13,3,6.4,24,290046761.5,327074007.6,110217769.4,179828992.1,75227021.75,156145131.2,95701854.63
2005,7,1/7/2005,157,4588982.209,665737476.5,28.3,1.265319018,1.032,26,17,151,148,364.4857344,5,100.3278,8867.9,191031419.8,194.9,27496019392,2549369952,28.3,8.5,7371884.481,7521874.187,7410734.829,7401084.26,7450141.896,7234954.839,7408825.502,7373622.123,7473872.916,7506335.036,13,3,7.8,29,386447795.9,165620483.9,170037030.2,216410765.7,77841627.45,35989331.16,51789525.33
2005,10,1/10/2005,163,4394514.197,673435229.6,28.2,0.89189807,1.038,52,20,160,154,365.9446894,5,99.8695,8959.6,191838062.4,199.1,28273741974,2543173442,28.2,8.9,6699160.789,6808533.725,6925582.262,7132892.322,7371884.481,7521874.187,7410734.829,7401084.26,7450141.896,7234954.839,NA,4,6.6,37,287895115.8,366411965.6,158342313.7,129552802.1,80610632.43,128610599.9,157190733.2
2006,1,1/1/2006,152,4208287.186,587831693.4,24,1,1.044,24,23,172,167,367.6132515,4.7,101.6088,9100.1,192260583.5,199.3,29033395870,2661394621,24,9.9,6028020.037,6063523.547,6063523.547,6098611.799,6098611.799,6098611.799,6088611.799,6078611.799,6068611.799,6058611.799,4,2,3.6,35,181393423.6,490434071.1,79813106.37,101580317.2,156938902.8,190092246,143402922.4
2006,8,1/8/2006,181,3803871.739,612722341.1,24.4,1.012255215,1.058,70,30,191,180,373.8472854,4.7,102.8357,9368.6,193706004,203.8,30688110622,2816210885,24.4,9.9,6028020.037,6063523.547,6063523.547,6028020.037,6063523.547,6063523.547,6098611.799,6098611.799,6098611.799,6088611.799,3,4,4.9,26,461730846.7,248624302.1,290890433.4,170840413.3,47238617.4,82568130.72,118817554
2006,4,1/4/2006,172,4029951.947,638190044.4,25.1,1.124864,1.05,45,26,168,165,371.9113952,4.7,102.2952,9223.3,192618689.6,200.7,29731344029,2756309657,25.1,9.5,6028020.037,6167580.286,6063523.547,6063523.547,5955727.449,5992091.669,6028020.037,5992091.669,6028020.037,6063523.547,9,2,3.5,36,159776994.4,505960482.1,91072886.79,68704107.57,344053127.9,92287191.94,69620162.34
2006,10,1/10/2006,187,3695633.229,644565925.7,24.8,0.728823755,1.062,73,32,186,181,374.3794683,4.4,102.6297,9413.3,193838898.7,201.9,31177978653,2787525317,24.8,10.9,6133294.067,5918917.382,6201478.758,6028020.037,6167580.286,6063523.547,6063523.547,5955727.449,5992091.669,6028020.037,14,4,5.3,31,175093159.7,498342069.9,59531674.3,115561485.4,254154455.7,131861311.7,112326302.6
2006,2,1/2/2006,165,4147982.056,647714509.8,25.4,1.04,1.046,68,24,152,172,367.8609636,4.8,101.6839,9134.7,192449617.7,199.4,29264205504,2692306906,25.4,9.3,6201478.758,6133294.067,5918917.382,6201478.758,6028020.037,6167580.286,6063523.547,6063523.547,5955727.449,5992091.669,14,4,4.7,27,171216396.8,462918406.3,53077083.02,118139313.8,310155332.2,50411814.44,102351259.6
2006,3,1/3/2006,168,4088541.104,651196541.7,25.2,1.0816,1.048,65,25,165,152,371.3351527,4.7,101.8522,9168.1,192461338.3,199.7,29496850028,2723935777,25.2,10.8,7306475.031,7234408.93,6268148.422,6300935.446,6063523.547,NA,6133294.067,5918917.382,6201478.758,6028020.037,11,3,5,28,395677827.5,242512216.9,257190587.9,138487239.6,113980741.9,43700701.48,84830773.46
2006,7,1/7/2006,191,3859174.047,656776153.4,25.8,1.265319018,1.056,31,29,180,176,373.5803972,4.7,NA,9360.4,193630437.9,202.9,30446070509,2858205810,25.8,9.5,7506335.036,7437522.046,7372736.05,7306475.031,7234408.93,6268148.422,6300935.446,6063523.547,6201478.758,6133294.067,11,3,5.4,35,321820315.2,334955838.2,193092189.1,128728126.1,187575269.4,64847450.28,82533118.54
2006,12,1/12/2006,199,3590474.626,662443587.2,25.3,0.714320162,1.066,56,34,193,187,375.2222272,4.4,103.6229,9516.5,194291950.5,203.1,31675666348,2828193588,25.3,10.7,7234954.839,7408825.502,7373622.123,7473872.916,7506335.036,7437522.046,7372736.05,7306475.031,7234408.93,6268148.422,19,5,5.4,26,441799294.5,227593576,150211760.1,291587534.4,63726201.27,49160212.41,114707162.3
2006,11,1/11/2006,193,3642674.476,669392870.5,25,0.721535517,1.064,47,33,187,186,374.2247912,NA,102.539,9431.2,194076892.3,202,31425837287,2807776922,25,9.7,7132892.322,7371884.481,7521874.187,7410734.829,7401084.26,7450141.896,7234954.839,7408825.502,7373622.123,7473872.916,13,3,7.2,33,272320149.7,408480224.6,177008097.3,95312052.4,61272033.69,149299522.1,197908668.8
2006,6,1/6/2006,180,3915280.363,671721700.4,25,1.216652902,1.054,60,28,176,172,373.0194133,4.6,102.522,9283.8,193200455,201.8,30205939391,2823412815,25,8.8,6925582.262,7132892.322,7371884.481,7521874.187,7410734.829,7401084.26,7450141.896,7234954.839,7408825.502,7373622.123,13,3,7.1,36,200454815.8,490768686.8,138313822.9,62140992.88,132507545.4,247200187.6,111060953.8
2006,5,1/5/2006,176,3972202.376,NA,25.1,1.16985856,1.052,50,27,172,168,372.4684343,4.6,102.1531,9254.1,192886828.7,201.3,29967702210,2789458292,25.1,3.5,7961091.223,7961091.223,7665771.004,7885137.872,8125265.854,8247021.827,8297727.131,7686389.721,7047623.699,6975109.489,177,44,12.9,35,1141438222,401045861.8,570719111.1,570719111.1,224585682.6,63525664.52,112934514.7
2006,9,1/9/2006,186,3749361.919,NA,25,0.809804172,1.06,43,31,181,191,373.9150439,4.5,102.6606,9393.9,193601957.9,202.8,30932074904,2786413936,25,3.6,7451394.112,7961091.223,7961091.223,7665771.004,7885137.872,8125265.854,8247021.827,8297727.131,7686389.721,7047623.699,200,50,12.6,31,767898217.8,708829124.2,360912162.4,406986055.5,212648737.2,248090193.5,248090193.5
2007,4,1/4/2007,210,3389049.086,552068279.8,23.7,1.124864,1.074,29,38,201,196,376.4369261,4.5,105.0975,9670.6,194923256,NA,32401567382,3003858588,23.7,10.9,6098611.799,6088611.799,6078611.799,6068611.799,6058611.799,6048611.799,6038611.799,6028611.799,6018611.799,6008611.799,1,1,4.6,24,506755498.3,178049229.1,339526183.8,167229314.4,35609845.82,76917266.98,65522116.32
2007,1,1/1/2007,180,NA,583459389.1,21.8,1,1.068,53,35,199,193,375.4397674,4.6,103.1171,9553.1,194904598.2,203.437,31855602578,2920096903,21.8,11.9,6063523.547,6063523.547,6098611.799,6098611.799,6098611.799,6088611.799,6078611.799,6068611.799,6058611.799,6048611.799,4,2,4.7,36,325015086.1,352099676.7,100754676.7,224260409.4,214780802.8,60420304.51,76898569.38
2007,3,1/3/2007,201,3438320.525,617120769.1,23.2,1.0816,1.072,61,37,196,180,376.5133033,4.4,104.3501,9631.6,194971969.3,205.288,32218547272,2975275445,23.2,11,5992091.669,6028020.037,6063523.547,6063523.547,6028020.037,6063523.547,6063523.547,6098611.799,6098611.799,6098611.799,NA,5,5.7,22,535527831,188158427.1,171368905.9,364158925.1,50802775.32,53568704.2,83786947.59
2007,10,1/10/2007,220,3107898.7,629720275.7,22.8,0.728823755,1.086,52,44,221,217,376.3661302,4.7,105.1595,9853.9,196077172,209.19,33521728802,2997072669,NA,10.7,5955727.449,5992091.669,6028020.037,5992091.669,6028020.037,6063523.547,6063523.547,6028020.037,6063523.547,NA,10,3,5.7,24,279341260,385756978.1,86595790.6,192745469.4,266172314.9,76534184.45,43050478.76
2007,2,1/2/2007,196,3488308.293,631148282.3,23.2,1.04,1.07,80,36,180,199,375.8290637,4.5,104.172,9590.8,195049898.2,204.226,32036560950,2947363607,23.2,10.9,6063523.547,5955727.449,5992091.669,6028020.037,5992091.669,6028020.037,6063523.547,6063523.547,6028020.037,6063523.547,10,3,4.3,28,188529726.2,461572777.9,58444215.12,130085511.1,73851644.47,209369412.1,178351721.4
2007,9,1/9/2007,221,3153082.655,650419091.2,23.2,0.809804172,1.084,45,43,217,234,NA,4.7,105.6629,9837.5,196040879,208.547,33332381465,3002637635,23.2,9.2,7234408.93,6268148.422,6300935.446,6063523.547,6201478.758,6133294.067,5918917.382,6201478.758,6028020.037,6167580.286,11,3,6,23,312574340,338622201.7,106275275.6,206299064.4,226876875.1,36875957.76,74869368.79
2007,8,1/8/2007,217,3198923.514,654307081.4,22.8,1.012255215,1.082,74,42,234,223,375.8030201,4.6,105.3166,9800.6,195923960.1,207.667,33144103656,3041594403,22.8,11.7,7372736.05,7306475.031,7234408.93,6268148.422,6300935.446,6063523.547,6201478.758,6133294.067,5918917.382,6201478.758,11,3,5.1,32,NA,NA,NA,NA,NA,NA,NA
2007,11,1/11/2007,228,3063362.235,663743237.1,23.2,0.721535517,1.088,45,45,220,221,377.6118458,4.7,105.729,9928.6,196174314.1,210.834,33712151741,3012050269,23.2,8.7,7401084.26,7450141.896,7234954.839,7408825.502,7373622.123,NA,NA,7437522.046,7372736.05,7306475.031,13,3,6.6,19,344241039.6,239218349.5,192774982.2,151466057.4,26314018.45,140516858.5,72387472.57
2007,12,1/12/2007,234,3019463.982,663893255.6,23.3,0.714320162,1.09,68,46,228,220,378.0688894,5,105.7256,9947.6,196488870.5,211.445,33903656394,3027121911,23.3,9.1,7410734.829,7401084.26,7450141.896,7234954.839,7408825.502,7373622.123,7473872.916,7506335.036,7437522.046,7372736.05,14,4,7.5,21,479672694.5,151475587.8,235039620.3,244633074.2,59075479.22,30492035.81,61908072.71
2007,7,1/7/2007,234,3245430.826,676091696.1,24.5,1.265319018,1.08,59,41,223,214,375.7936797,4.7,105.1149,9759.6,195758202.3,207.603,32956889333,3093915602,NA,10.3,6644256.364,6699160.789,6808533.725,6925582.262,7132892.322,7371884.481,7521874.187,7410734.829,7401084.26,7450141.896,19,5,5.6,34,455293363.8,195125727.4,168458544.6,286834819.2,76099033.67,35708008.11,83318685.58
2007,5,1/5/2007,214,3340483.711,680800374.3,23.6,1.16985856,1.076,49,39,210,201,376.0822834,4.4,105.1436,9708.9,195183011,206.755,32585627152,3033140387,23.6,9.3,6975109.489,6945159.564,6957573.258,6926868.075,6650320.945,6644256.364,6699160.789,6808533.725,6925582.262,7132892.322,16,4,8.9,20,279910894.3,356250229,95169704.05,184741190.2,39187525.2,171213860.1,145848843.8
2007,6,1/6/2007,223,3292614.282,691223502.6,24,1.216652902,1.078,24,40,214,210,375.8028146,4.6,105.1474,9723.3,195552764.9,207.234,32770732490,3063149431,24,9.5,7961091.223,7961091.223,7665771.004,7885137.872,8125265.854,8247021.827,8297727.131,NA,7047623.699,6975109.489,26,7,7.9,26,442340378.2,238183280.5,190206362.6,252134015.5,59545820.14,57163987.33,121473473.1
2008,12,1/12/2008,284,2539263.937,578885258.8,24.2,0.714320162,NA,36,58,273,264,383.8898767,7.3,93.7183,9744.2,197474736.3,211.398,33418903547,2983840267,24.2,10.6,6098611.799,6098611.799,6098611.799,6088611.799,6078611.799,6068611.799,6058611.799,6048611.799,6038611.799,6028611.799,4,1,3.6,32,451341526.7,232509271.3,162482949.6,288858577.1,39526576.12,67543943.32,125438751.9
2008,8,1/8/2008,267,2690183.147,593416173.8,23.3,1.012255215,1.106,47,54,292,276,383.6744646,6.1,101.2245,10140.3,196607111.3,218.69,33579712786,3081569727,23.3,11.8,6063523.547,6028020.037,6063523.547,6063523.547,6098611.799,6098611.799,6098611.799,6088611.799,6078611.799,6068611.799,3,3,4.2,34,515361954.2,162745880.3,154608586.3,360753368,56961058.1,57123803.98,48661018.2
2008,1,1/1/2008,217,2976194.794,596972463.4,20.8,1,1.092,62,47,234,228,378.3911114,5,105.4069,9963.2,196117049.5,212.174,33862993155,NA,20.8,10,6063523.547,6063523.547,6028020.037,6063523.547,6063523.547,6098611.799,6098611.799,6098611.799,6088611.799,6078611.799,2,4,3.9,30,215646641.5,479987686,88415123.03,127231518.5,316791872.7,68542241.56,94653571.67
2008,9,1/9/2008,266,2651632.583,621241043,23.3,0.809804172,1.108,65,55,267,292,383.4227921,6.1,96.8689,10083.2,196892232.4,218.877,33539438078,3021289647,23.3,10.1,6028020.037,5992091.669,6028020.037,6063523.547,6063523.547,6028020.037,6063523.547,6063523.547,6098611.799,6098611.799,10,5,5.6,19,202678749.8,376403392.5,131741187.4,70937562.43,101628916,96171066.78,178603409.7
2008,2,1/2/2008,238,2933545.658,636161123.3,22.4,1.04,1.094,71,48,217,234,378.8455515,4.9,105.054,9955.7,196199586.6,212.687,33822378687,3111658839,22.4,10.8,6167580.286,6063523.547,6063523.547,5955727.449,5992091.669,6028020.037,5992091.669,6028020.037,6063523.547,6063523.547,9,2,5.3,34,470719896.4,192265873.2,324796728.5,145923167.9,38453174.64,95363873.1,58448825.45
2008,10,1/10/2008,264,2613634.452,657201553.8,23,0.728823755,1.11,59,56,266,267,384.60463,6.5,97.7617,9983.3,196983561.2,216.995,33499211674,2995059483,NA,10.6,7473872.916,7506335.036,7437522.046,7372736.05,7306475.031,7234408.93,6268148.422,6300935.446,6063523.547,6201478.758,13,3,5,37,159307808.7,453414532.4,81246982.43,78060826.26,317390172.7,81614615.83,54409743.89
2008,11,1/11/2008,273,2576180.838,680523658.7,23.5,0.721535517,1.112,72,57,264,266,384.96563,6.8,96.5572,9851.2,197170079.6,213.153,33459033516,2989435135,23.5,NA,6945159.564,6957573.258,6926868.075,6650320.945,6644256.364,6699160.789,6808533.725,6925582.262,7132892.322,7371884.481,15,4,8,18,137303666.6,459668796.8,49429319.97,87874346.61,137900639,222020028.9,99748128.91
2008,3,1/3/2008,246,2891507.687,689506919.5,22.8,1.0816,1.096,52,49,238,217,379.4311354,5.1,104.7987,10004.2,196298001.1,213.448,33781812931,3119637818,22.8,9.7,7665771.004,7885137.872,8125265.854,8247021.827,8297727.131,7686389.721,7047623.699,6975109.489,6945159.564,6957573.258,23,6,8.2,34,453505961.4,167735081.6,312919113.4,140586848,90576944.07,42436975.65,34721161.89
2008,5,1/5/2008,265,2809230.338,709076831.2,23.7,1.16985856,1.1,50,51,261,246,383.6989575,5.4,103.4941,10093.3,196435397.3,215.208,33700827320,3136945621,23.7,7.7,7451394.112,7196414.382,7220510.989,7244415.589,7268130.991,7429089.092,9010419.93,7451394.112,7961091.223,7961091.223,20,5,10.7,35,336412466.8,364446839,100923740,235488726.7,87467241.36,102482451.1,174497146.5
2008,4,1/4/2008,261,2850072.125,722555484.3,23.8,1.124864,1.098,32,50,246,238,381.67612,5,104.0207,10044.6,196295553.7,213.942,33741295828,3128061061,23.8,9.8,7560497.045,7603050.91,7517330.874,7338173.128,7451394.112,7196414.382,7220510.989,7244415.589,7268130.991,7429089.092,31,8,11.5,27,486411345.1,218532633.3,214020991.8,272390353.3,72115768.99,57102577.08,89314287.23
2008,6,1/6/2008,276,2768973.817,728308287.6,24.3,1.216652902,1.102,76,52,NA,261,383.9268572,5.6,103.3216,10149.4,196555315.3,217.463,33660407350,3146309215,24.3,7.6,7979782.943,7961091.223,7538991.494,7560497.045,7603050.91,7517330.874,7338173.128,7451394.112,7196414.382,7220510.989,24,6,6.2,23,240759555.4,488814855,139640542.2,101119013.3,249295576,160477916.9,79041362.05
2008,7,1/7/2008,292,2729294.176,NA,25.3,1.265319018,1.104,56,53,276,265,383.964879,5.8,102.7625,10151.1,196605084.2,219.016,33620035858,3156170245,25.3,3.9,9010419.93,7451394.112,7961091.223,7961091.223,7665771.004,7885137.872,8125265.854,8247021.827,8297727.131,7686389.721,199,50,12.8,27,1225827806,366156357.7,490331122.5,735496683.8,124493161.6,82165486.67,159497709.4
2009,1,1/1/2009,268,2502876.059,624471766.9,21.9,1,1.116,49,59,284,273,388.3762516,7.8,91.5058,9792.1,197135483.9,211.933,33352843768,3057344012,21.9,10.8,5992091.669,6028020.037,5992091.669,6028020.037,6063523.547,6063523.547,6028020.037,6063523.547,6063523.547,6098611.799,10,3,3.9,21,399502242.1,255419466.2,267666502.2,131835739.9,125155538.5,75553078.11,54710849.67
2009,12,1/12/2009,348,2135432.442,680852892.4,25.5,0.714320162,1.138,58,70,334,327,388.4756627,9.9,90.8895,10000.6,198531020.3,217.347,32634748046,2913826158,25.5,8.9,7047623.699,6975109.489,6945159.564,6957573.258,6926868.075,6650320.945,6644256.364,6699160.789,6808533.725,6925582.262,16,4,8.7,24,413704151.7,275802767.8,136522370.1,277181781.6,30338304.46,171825124.3,73639339
2009,2,1/2/2009,295,2467009.623,683242977.1,23.8,1.04,1.118,56,60,268,284,384.5467783,8.3,90.934,9775.7,197263203.5,212.705,33286914570,3062396140,23.8,9,7686389.721,7047623.699,6975109.489,6945159.564,6957573.258,6926868.075,6650320.945,6644256.364,6699160.789,6808533.725,16,4,6.6,28,484112174.5,238443309.8,251738330.7,232373843.8,33382063.37,86125723.51,118935522.9
2009,10,1/10/2009,327,2197975.452,685899456.9,24.5,0.728823755,1.134,32,68,327,336,387.9373949,10,90.2527,9924.6,198423323.9,216.509,32764151058,2929340018,24.5,8.1,8125265.854,8247021.827,8297727.131,7686389.721,7047623.699,6975109.489,6945159.564,6957573.258,6926868.075,6650320.945,16,4,8.3,37,NA,NA,NA,NA,NA,NA,NA
2009,9,1/9/2009,327,2229930.556,690475904.3,24.7,0.809804172,1.132,57,67,336,371,NA,9.8,89.9908,9875.4,198244991.9,215.861,32829044853,2957296217,24.7,8.6,7961091.223,7665771.004,7885137.872,8125265.854,8247021.827,8297727.131,7686389.721,7047623.699,6975109.489,6945159.564,25,6,7.4,31,473185118.7,184016435.1,227128857,246056261.7,64405752.27,46648166.29,72962516.5
2009,4,1/4/2009,332,2396811.292,698748251.2,25.9,1.124864,1.122,27,62,312,295,384.7221678,9,88.7058,9741.9,197903963.9,212.709,33155446887,3073748646,25.9,9.2,9010419.93,7451394.112,7961091.223,7961091.223,7665771.004,7885137.872,8125265.854,8247021.827,8297727.131,7686389.721,18,5,7.9,18,218565118.4,405906648.5,104911256.8,113653861.6,174539858.8,71723704.79,159643084.8
2009,7,1/7/2009,371,2295241.247,700859305.8,27.5,1.265319018,1.128,68,65,354,336,386.4168767,9.5,88.3209,9835.2,197991090,214.726,32959218289,3094134239,27.5,8.8,7268130.991,7429089.092,9010419.93,7451394.112,7961091.223,7961091.223,7665771.004,7885137.872,8125265.854,8247021.827,20,5,8.8,25,534668467.8,187856488.7,310107711.3,224560756.5,120228152.8,34490451.32,33137884.6
2009,8,1/8/2009,336,2262350.236,704888538.7,25.2,1.012255215,1.13,36,66,371,354,386.4453977,9.6,89.2996,9961.9,198139319.4,215.445,32894067178,3018648857,25.2,8.5,7220510.989,7244415.589,7268130.991,7429089.092,9010419.93,7451394.112,7961091.223,7961091.223,7665771.004,7885137.872,20,5,7.8,33,283831335,463093230.8,124885787.4,158945547.6,101880510.8,137260833.6,223951886.4
2009,11,1/11/2009,334,2166478.268,704943978.4,24.8,0.721535517,1.136,62,69,327,327,388.1765174,9.9,90.6331,9946.1,198485116.9,217.234,32699385540,2921563529,24.8,9.9,7196414.382,7220510.989,7244415.589,7268130.991,7429089.092,9010419.93,7451394.112,7961091.223,7961091.223,7665771.004,20,5,4.8,35,458392147.8,318543695.9,238363916.8,220028230.9,79635923.98,121842963.7,117064808.2
2009,3,1/3/2009,312,2431657.155,722524956.5,24.7,1.0816,1.12,26,61,295,268,384.4321373,8.7,89.5012,9742.9,197599157.5,212.495,33221115696,3067859297,24.7,9.2,7603050.91,7517330.874,7338173.128,7451394.112,7196414.382,7220510.989,7244415.589,7268130.991,7429089.092,9010419.93,30,8,7.7,31,198910842.5,486988614.4,71607903.3,127302939.2,297063054.8,104459057.8,85466501.83
2009,5,1/5/2009,336,2362464.772,746924565.8,25.8,1.16985856,1.124,36,63,332,312,385.0113967,9.4,87.7758,9759.7,198057153.5,213.022,33089907888,3080079924,25.8,8.2,8630521.877,8833497.769,7517330.874,8380376.988,7979782.943,7961091.223,7538991.494,7560497.045,7603050.91,7517330.874,25,6,9.4,36,350411944.2,445978838.1,105123583.3,245288360.9,44597883.81,124428095.8,276952858.5
2009,6,1/6/2009,354,2328610.442,776935843.7,26.7,1.216652902,1.126,28,64,336,332,385.2998081,9.5,87.4125,9807.6,197889415.5,214.79,33024498440,3086869469,26.7,7.5,7495512.513,7451394.112,7904307.157,8630521.877,8833497.769,7517330.874,8380376.988,7979782.943,7961091.223,7538991.494,34,9,9.6,35,309477299.5,445345382.1,194970698.7,114506600.8,155870883.8,193947913.9,95526584.47
2010,1,1/1/2010,336,2104831.505,648568325.9,23.6,1,1.14,68,71,348,334,390.01963,9.8,91.9065,10003.4,198233715,217.488,32739399402,3001111612,23.6,9.1,6063523.547,6201478.758,6133294.067,5918917.382,6201478.758,6028020.037,6167580.286,NA,6063523.547,5955727.449,15,4,6.3,23,385604238.9,181460818.3,119537314.1,266066924.8,58067461.86,75269947.43,48123409.01
2010,12,1/12/2010,435,1795824.234,649894400.9,25.8,0.714320162,NA,61,82,417,417,394.0920445,9.3,96.4959,10436.1,199955713.5,220.472,33912951752,3027951856,25.8,8.9,6300935.446,6063523.547,6201478.758,6133294.067,5918917.382,6201478.758,6028020.037,6167580.286,6063523.547,6063523.547,NA,3,4.9,20,364455649.9,223376043.5,182227825,182227825,51376490,51599866.05,120399687.4
2010,10,1/10/2010,417,1848420.725,719661302.2,25.6,0.728823755,1.158,22,80,414,430,390.9281119,9.4,95.6362,10343.7,199779192.9,219.035,33696493038,3012697791,25.6,9.4,7517330.874,7338173.128,7451394.112,7196414.382,7220510.989,7244415.589,7268130.991,7429089.092,9010419.93,7451394.112,27,7,6.5,34,359047470.2,331428434.1,165161836.3,193885633.9,96114245.88,124716519.7,110597668.4
2010,2,1/2/2010,373,2074669.082,729574410.4,25.6,1.04,1.142,59,72,336,348,390.4315539,9.8,92.2135,10034.7,198411116.5,217.281,32844386348,3021683544,NA,8.9,8380376.988,7979782.943,7961091.223,7538991.494,7560497.045,7603050.91,7517330.874,7338173.128,7451394.112,7196414.382,25,6,10.9,25,590231660.1,196743886.7,330529729.7,259701930.4,59023166.01,88141261.24,49579459.45
2010,11,1/11/2010,417,1821932.691,737458659.6,25.2,0.721535517,1.16,64,81,417,414,392.5697581,9.8,95.7002,10399.8,199861759.3,219.59,33804549141,3020305619,25.2,6.6,7517330.874,8380376.988,7979782.943,7961091.223,7538991.494,7560497.045,7603050.91,7517330.874,7338173.128,7451394.112,25,6,8.1,29,575356641,246581417.6,379735383,195621257.9,41918840.98,83911656.39,120750920.2
2010,8,1/8/2010,430,1902557.673,750649055,26.6,1.012255215,1.154,43,78,479,455,391.1098767,9.5,95.6092,10247.1,199191713.4,217.923,33481415931,3072549143,26.6,7.9,7904307.157,8630521.877,8833497.769,7517330.874,8380376.988,7979782.943,7961091.223,7538991.494,7560497.045,7603050.91,25,6,8.9,38,658510337.9,196697893.1,309499858.8,349010479.1,114084778,42132688.71,40480426.41
2010,9,1/9/2010,414,1875293.853,754822681.6,25.7,0.809804172,1.156,34,79,430,479,391.5990667,9.5,95.8794,10268.9,199560877.6,218.275,33588782336,3025734662,25.7,8.8,7451394.112,7904307.157,8630521.877,8833497.769,7517330.874,8380376.988,7979782.943,7961091.223,7538991.494,7560497.045,28,7,9.1,37,442882942.5,307766112.6,194868494.7,248014447.8,181582006.4,71924940.5,54259165.64
2010,3,1/3/2010,395,2044938.89,786975546.8,26.5,1.0816,1.144,68,73,373,336,391.8561778,9.9,92.8133,10095.5,198785540.6,217.353,32949709961,3042795883,26.5,NA,7147632.864,7495512.513,7451394.112,7904307.157,8630521.877,8833497.769,7517330.874,8380376.988,7979782.943,7961091.223,38,10,9.6,31,496566298.5,223095003.7,288008453.1,208557845.4,33464250.55,92919069.03,96711684.1
2010,6,1/6/2010,455,1958280.197,796390782.3,28.7,1.216652902,1.15,72,76,430,422,393.5778529,9.4,94.8328,10165.9,198942235.7,217.199,33267711612,3109603117,NA,8.2,8615484.194,7998358.924,7581849.529,7147632.864,7495512.513,7451394.112,7904307.157,8630521.877,8833497.769,7517330.874,28,7,7.6,21,538608273.1,160882990.7,210057226.5,328551046.6,107791603.8,27076607.33,26014779.59
2010,5,1/5/2010,430,1986750.508,818188204.1,27.7,1.16985856,1.148,72,75,422,395,393.7216352,9.6,94.6492,10140.2,NA,217.29,33161371509,3086731912,27.7,6.7,7495512.513,8331060.934,8615484.194,7998358.924,7581849.529,7147632.864,7495512.513,7451394.112,7904307.157,8630521.877,31,NA,8.7,24,174819724.6,619815387.2,68179692.59,106640032,427672617.2,101835668.1,90307101.92
2010,4,1/4/2010,422,2015634.733,821938058.5,27.8,1.124864,NA,76,74,395,373,389.8571833,9.9,93.1984,10106.9,199121026.4,217.403,33055371320,3064470920,27.8,7.9,6580931.441,7098045.005,7495512.513,8331060.934,8615484.194,7998358.924,7581849.529,7147632.864,7495512.513,7451394.112,NA,8,9.4,33,546881075.5,380036001.7,333597456.1,213283619.5,133012600.6,148214040.6,98809360.43
2010,7,1/7/2010,479,1930217.867,855208231,29.5,1.265319018,1.152,76,77,455,430,392.0301904,9.4,95.2539,10184.3,198906117.9,217.605,33374392722,3133109842,29.5,8.2,5394092.977,4811624.798,5437889.332,6201478.758,6580931.441,7098045.005,7495512.513,8331060.934,8615484.194,7998358.924,43,11,9.5,35,598878360.6,189119482.3,263506478.7,335371881.9,35932701.64,58210976.65,94975804.01
2011,2,1/2/2011,482,1744724.367,688221053.7,26.8,1.04,1.166,43,84,429,NA,395.6990155,9,96.0111,10512.4,199300470,221.898,34156168919,3142367541,26.8,8.9,7885137.872,8125265.854,8247021.827,8297727.131,7686389.721,7047623.699,6975109.489,6945159.564,6957573.258,6926868.075,18,5,8.9,37,201761499.1,391654674.7,70616524.68,131144974.4,191910790.6,97874503.21,101869380.9
2011,1,1/1/2011,429,1770089.913,699491263.8,24.3,1,1.164,75,83,435,417,NA,9.1,96.4283,10474.7,199204730.4,221.187,34034343076,3119814782,24.3,7.8,7429089.092,9010419.93,7451394.112,7961091.223,7961091.223,7665771.004,7885137.872,8125265.854,8247021.827,8297727.131,20,5,7.1,23,423610645.8,259632331.3,152499832.5,271110813.3,111641902.5,63635884.4,84354544.44
2011,10,1/10/2011,534,1554457.386,742822690.2,26.4,0.728823755,1.182,40,92,530,561,393.5636766,8.8,98.4096,10827.6,200570442.8,226.75,35146606200,3142347862,26.4,8.7,8833497.769,7517330.874,8380376.988,7979782.943,7961091.223,7538991.494,7560497.045,7603050.91,7517330.874,7338173.128,25,6,9.1,33,351820927.8,466367276.3,140728371.1,211092556.7,326457093.4,68555989.62,71354193.28
2011,9,1/9/2011,530,1577056.749,787997842.9,26.5,0.809804172,1.18,53,91,561,637,388.7869214,9,97.7474,10790.6,200391243.1,226.597,35021247734,NA,26.5,6.5,7581849.529,7147632.864,7495512.513,7451394.112,7904307.157,8630521.877,8833497.769,7517330.874,8380376.988,7979782.943,38,10,7.7,26,560468581.3,176990078.3,302653033.9,257815547.4,79645535.24,47698826.1,49645716.96
2011,3,1/3/2011,510,1719722.311,794635111.8,27.7,1.0816,1.168,67,85,482,429,393.7650667,9,96.8407,10583.5,199621183.3,223.046,34278430837,3165498826,27.7,8,7998358.924,7581849.529,7147632.864,7495512.513,7451394.112,7904307.157,8630521.877,8833497.769,7517330.874,8380376.988,40,10,9.7,22,162473600.2,487420800.7,112106784.2,50366816.07,243710400.3,102358368.1,141352032.2
2011,12,1/12/2011,554,1510225.571,796546477.3,26.5,0.714320162,1.186,63,94,529,534,396.0563861,8.5,98.6739,10827.3,200203339.5,227.223,35398670899,3160605778,26.5,8.8,8331060.934,8615484.194,7998358.924,7581849.529,NA,7495512.513,7451394.112,7904307.157,8630521.877,8833497.769,31,8,7.6,22,550576843,137644210.7,335851874.2,214724968.8,31658168.47,73130369.17,32855673.1
2011,11,1/11/2011,529,NA,818229628.7,25.7,0.721535517,1.184,79,93,534,530,394.9111907,8.6,98.281,10828.7,200242671.5,227.169,35272413386,3151453607,25.7,7.2,7098045.005,7495512.513,8331060.934,8615484.194,7998358.924,7581849.529,7147632.864,7495512.513,7451394.112,7904307.157,32,8,8.4,29,320214043.3,594683223.2,112074915.1,208139128.1,71361986.79,245960981.1,277360255.3
2011,8,1/8/2011,561,1599984.672,824833970.3,28,1.012255215,1.178,39,90,637,597,385.9445877,9,97.7956,10745.6,NA,226.106,34896336388,3202394686,28,8.9,5437889.332,6201478.758,6580931.441,7098045.005,7495512.513,8331060.934,8615484.194,7998358.924,7581849.529,7147632.864,33,8,9.7,37,223171094.2,747138011.2,95963570.52,127207523.7,164370362.5,250590088.9,332177559.8
2011,4,1/4/2011,547,1695078.537,914897266.5,29.1,1.124864,1.17,72,86,510,482,392.9429374,9.1,96.4337,10624.6,199998089.2,224.093,34401130392,3189232475,29.1,7.5,7706867.498,7147632.864,6996340.449,7315006.901,7172122.89,6917733.284,6610488.161,5394092.977,4811624.798,5437889.332,41,10,9.5,28,638045583.8,328690149.2,414729629.5,223315954.3,144623665.7,101236566,82829917.6
2011,5,1/5/2011,560,1670787.911,926917077.2,29.1,1.16985856,1.172,70,87,547,510,391.6613683,9,96.6227,10653.1,199942063.7,224.806,34524269150,3213593361,29.1,7.4,7338173.128,7706867.498,7147632.864,6996340.449,7315006.901,7172122.89,6917733.284,6610488.161,5394092.977,4811624.798,41,10,9.3,34,576153626.2,452692134.8,276553740.6,299599885.6,307830651.7,63739052.59,81122430.56
2011,6,1/6/2011,597,1646845.372,931136998.6,30.4,1.216652902,1.174,59,88,560,547,390.732763,9.1,96.8573,10676.4,199881762.8,224.806,34647848682,3238607437,30.4,7.7,7429089.092,7338173.128,7706867.498,7147632.864,6996340.449,7315006.901,7172122.89,6917733.284,6610488.161,5394092.977,43,11,9.6,34,660507494.4,371535465.6,310438522.4,350068972,115175994.3,135870519.8,120488951.5
2011,7,1/7/2011,637,1623245.931,970309105.4,31.7,NA,1.176,36,89,597,560,388.2405182,9,NA,10727.1,200107670.1,225.395,34771870567,3264301790,31.7,7.3,5647765.095,5727769.76,6490472.271,6970366.162,6781963.511,7429089.092,7338173.128,7706867.498,7147632.864,6996340.449,62,16,10.4,27,454991645,419992287.6,200196323.8,254795321.2,264595141.2,49727086.86,105670059.6
2012,1,1/1/2012,562,1488583.904,727222749.5,25.6,1,1.188,44,95,554,529,396.845737,8.3,99.3787,10905.6,200942486.6,227.842,35584663265,3261927466,25.6,7.1,7961091.223,7538991.494,7560497.045,7603050.91,7517330.874,7338173.128,7451394.112,7196414.382,7220510.989,7244415.589,23,6,6.2,20,479940561.2,168627764.7,268766714.3,211173846.9,112980602.4,23371808.19,32275354.17
2012,12,1/12/2012,731,1270047.052,860265800.8,27.6,0.714320162,1.21,26,106,702,695,394.8814749,7.9,101.0382,11186.5,201837371.2,231.221,37696220532,3365744797,27.6,7.9,6610488.161,5394092.977,4811624.798,5437889.332,6201478.758,6580931.441,7098045.005,7495512.513,8331060.934,8615484.194,48,12,9.8,31,586829925.3,155992764.9,287546663.4,299283261.9,40558118.88,36939086.74,78495559.32
2012,10,1/10/2012,695,1307244.467,861705889.6,27.2,0.728823755,1.206,45,104,689,738,394.7832776,7.8,100.2146,11144.7,201686511.4,231.638,37303192431,3335161476,27.2,7.2,6917733.284,6610488.161,5394092.977,4811624.798,5437889.332,6201478.758,6580931.441,7098045.005,7495512.513,8331060.934,48,12,8.7,26,490937777.2,327291851.5,328928310.7,162009466.5,229104296,40256897.73,57930657.71
2012,2,1/2/2012,636,1467252.364,871121358.4,28.4,1.04,1.19,40,96,562,554,396.2395467,8.3,99.6578,10975.9,200971820.4,228.329,35771632876,3290990225,28.4,6.2,7172122.89,6917733.284,6610488.161,5394092.977,4811624.798,5437889.332,6201478.758,6580931.441,7098045.005,7495512.513,50,13,9.4,21,350480450,446066027.3,241831510.5,108648939.5,75831224.64,122177484.9,248057317.8
2012,11,1/11/2012,702,1288511.537,874983932.6,27,0.721535517,1.208,21,105,695,689,394.8388313,7.7,100.7651,11161.7,201812014.2,231.249,37499191570,3350407619,27,7.7,7315006.901,7172122.89,NA,6610488.161,5394092.977,4811624.798,5437889.332,6201478.758,6580931.441,7098045.005,36,9,9.2,20,327250237.3,399972512.2,222530161.3,104720075.9,111992303.4,141110302.3,146869906.5
2012,9,1/9/2012,689,1326249.743,893923810.2,27.3,0.809804172,1.204,64,103,738,872,397.1368149,7.8,99.9599,11131,201688901.5,231.015,37108217731,3342771390,27.3,6.9,6996340.449,7315006.901,7172122.89,6917733.284,6610488.161,5394092.977,4811624.798,5437889.332,6201478.758,6580931.441,40,10,10.2,21,696897086.7,174224271.7,292696776.4,404200310.3,78400922.26,31621705.31,64201644.11
2012,8,1/8/2012,738,1345531.327,902975217.3,29.3,1.012255215,1.202,77,102,872,806,398.3247796,8.1,99.8389,11054.9,201563065.1,229.918,36914262117,3387577296,29.3,7.7,7147632.864,6996340.449,7315006.901,7172122.89,6917733.284,6610488.161,5394092.977,4811624.798,5437889.332,6201478.758,40,10,9,24,661541559.9,297214324,324155364.3,337386195.5,178328594.4,49932006.43,68953723.17
2012,3,1/3/2012,677,1446226.507,958755883.9,29.5,1.0816,1.192,36,97,636,562,397.0651119,8.2,98.9579,10987.2,201191979.7,228.807,35959584867,3320747797,29.5,6.4,6970366.162,6781963.511,7429089.092,7338173.128,7706867.498,7147632.864,6996340.449,7315006.901,7172122.89,6917733.284,47,12,8.8,37,180595043.5,722380173.8,122804629.6,57790413.91,498442319.9,105250791.3,118687062.6
2012,4,1/4/2012,724,1425501.952,966735733,30.8,1.124864,1.194,60,98,677,636,399.0618946,8.2,99.8396,11017.4,201378394.5,229.187,36148524398,3351228481,30.8,7.7,6490472.271,6970366.162,6781963.511,7429089.092,7338173.128,7706867.498,7147632.864,6996340.449,7315006.901,7172122.89,54,14,8.6,35,616807429,277116381.2,259059120.2,357748308.8,52652112.42,157124988.1,67339280.62
2012,7,1/7/2012,872,1365093.235,969250648.4,34.5,1.265319018,1.2,24,101,806,747,397.3687724,8.2,100.3132,11034.9,201411151.4,228.59,36721320261,3447311563,34.5,6.4,5727769.76,6490472.271,6970366.162,6781963.511,7429089.092,7338173.128,7706867.498,7147632.864,6996340.449,7315006.901,61,15,11.1,31,577342946,284362943.6,329085479.2,248257466.8,90996141.94,96683400.81,96683400.81
2012,5,1/5/2012,747,1405074.383,1028845761,31,1.16985856,1.196,48,99,724,677,398.3583977,8.2,100.0042,11010.3,201472993.5,228.713,36338456659,3382461843,31,5.7,5727769.76,6610488.161,6639756.797,6781963.511,6234998.788,5437889.332,5565568.055,5647765.095,5727769.76,6490472.271,58,15,11.3,33,681552777.4,535505753.6,252174527.6,429378249.7,214202301.5,167077795.1,154225657
2012,6,1/6/2012,806,1384939.542,1032042960,32.7,1.216652902,1.198,32,100,747,724,398.9867783,8.2,100.0318,10997.4,201488096.1,228.524,36529386865,3414478777,32.7,7.7,5843913.371,5727769.76,6610488.161,6639756.797,6781963.511,6234998.788,5437889.332,5565568.055,5647765.095,5727769.76,59,15,9.5,37,278591372,987733046,136509772.3,142081599.7,286442583.4,322593612.8,378696849.9
2013,1,1/1/2013,747,1251847.165,701515154.9,26.9,1,1.212,59,107,731,702,394.7385182,8,100.9614,11225.4,201821950.5,231.612,37857186592,3470242104,26.9,9.7,7244415.589,7268130.991,7429089.092,9010419.93,7451394.112,7961091.223,7961091.223,7665771.004,7885137.872,8125265.854,20,5,9.5,28,482136293.3,216611957.9,308567227.7,173569065.6,38990152.42,79929812.45,97691993
2013,2,1/2/2013,847,1233908.083,822342767.1,29.9,1.04,1.214,73,108,747,731,398.0698187,7.7,101.4781,NA,201838040.9,232.985,38018839990,3497733279,29.9,8.7,6201478.758,6580931.441,NA,7495512.513,8331060.934,8615484.194,7998358.924,7581849.529,7147632.864,7495512.513,32,8,10.9,35,214161509.7,716975488.9,145629826.6,68531683.1,487543332.5,105538792,123893364.5
2013,10,1/10/2013,929,1099347.02,952471654.3,29,0.728823755,1.23,30,116,926,1007,405.5598946,7.2,102.4287,11465.2,202496669.5,233.718,39337166218,3517012695,29,7.5,6781963.511,7429089.092,7338173.128,7706867.498,7147632.864,6996340.449,7315006.901,7172122.89,6917733.284,6610488.161,44,11,9.6,38,494317830.7,474932817.7,187840775.7,306477055,109234548.1,197477065.6,168221204
2013,12,1/12/2013,964,1068065.292,985516628.4,29.1,0.714320162,1.234,NA,118,925,929,405.8655174,6.7,102.9513,11566,202514663.9,234.723,39673829551,3542317599,29.1,7.6,6234998.788,5437889.332,5565568.055,5647765.095,5727769.76,6490472.271,6970366.162,6781963.511,7429089.092,7338173.128,52,13,9.6,22,592086792.3,230255974.8,325647735.8,266439056.5,32235836.47,132673492.7,65346645.64
2013,9,1/9/2013,926,1115329.796,1003274253,29.3,0.809804172,1.228,29,115,1007,1192,404.9043949,7.2,102.4847,11423.9,202517775.8,233.632,39169907390,3528491903,29.3,6.1,6781963.511,6234998.788,5437889.332,5565568.055,5647765.095,5727769.76,6490472.271,6970366.162,6781963.511,7429089.092,53,13,10,25,309995979.3,723323951.7,213897225.7,96098753.58,101265353.2,304808713.2,317249885.2
2013,8,1/8/2013,1007,1131544.935,1007127290,31.8,1.012255215,1.226,27,114,1192,1123,399.8786894,7.3,101.9928,11370.2,202538068.5,233.323,39003359735,3579291264,31.8,7.7,6639756.797,6781963.511,6234998.788,5437889.332,5565568.055,5647765.095,5727769.76,6490472.271,6970366.162,6781963.511,55,14,11.6,29,610315205.7,541222918.3,183094561.7,427220644,119069042,198412321.8,223741554.4
2013,11,1/11/2013,925,1083593.28,1009512917,28.4,0.721535517,1.232,77,117,929,926,405.3170667,6.9,102.7732,11542,202493207.8,234.121,39505139255,3529631280,28.4,6.2,6610488.161,6639756.797,6781963.511,6234998.788,5437889.332,5565568.055,5647765.095,5727769.76,6490472.271,6970366.162,55,14,10.8,31,294678668.5,884036005.5,109031107.3,185647561.2,583463763.6,132251786.4,168320455.4
2013,3,1/3/2013,905,1216226.071,1033319931,31.2,1.0816,1.216,77,109,847,747,400.2567724,7.5,101.6302,11261.6,201919466.7,232.299,38181183663,3525905041,31.2,6.4,6133294.067,5843913.371,5727769.76,6610488.161,6639756.797,6781963.511,6234998.788,5437889.332,5565568.055,5647765.095,62,16,9.5,37,453207280.5,553920009.5,208475349,244731931.5,337891205.8,99373249.7,116655554
2013,4,1/4/2013,974,1198797.443,1151538124,32.8,1.124864,1.218,65,110,905,847,400.1576086,7.6,101.5825,11253.9,202022973.4,231.795,38344220556,3554785324,32.8,6.4,7846427.51,7998358.924,7560497.045,7495512.513,7706867.498,7603050.91,6133294.067,5843913.371,5727769.76,6610488.161,69,17,5.9,20,806377976.6,313591435.4,499954345.5,306423631.1,137980231.6,114147282.5,61463921.33
2013,5,1/5/2013,1015,1181618.569,1178714674,33.5,1.16985856,1.22,45,111,974,905,400.4226766,7.5,101.6016,11279.5,202236547.2,231.916,38507953631,3584403296,33.5,6.1,7372736.05,7846427.51,7998358.924,7560497.045,7495512.513,7706867.498,7603050.91,6133294.067,5843913.371,5727769.76,71,18,4.1,24,886237528.4,379816083.6,319045510.2,567192018.2,201302524.3,60694610.16,117818949.1
2013,6,1/6/2013,1123,1164685.87,1217058531,36.2,1.216652902,1.222,20,112,1015,974,397.6712776,7.5,101.8221,11320.2,202344566.1,232.374,38672385860,3614789409,36.2,6.7,7437522.046,7372736.05,7846427.51,7998358.924,7560497.045,7495512.513,7706867.498,7603050.91,6133294.067,5843913.371,74,19,11.7,30,518591439.2,811130199.8,274853462.8,243737976.4,267672965.9,315205195.6,228252038.2
2013,7,1/7/2013,1192,1147995.817,1266324418,37.5,1.265319018,1.224,62,113,1123,1015,398.4681885,7.3,101.2443,11343.1,202483082.4,232.889,38837520229,3645975461,37.5,6.3,7408825.502,7373622.123,7473872.916,7506335.036,7437522.046,7372736.05,7846427.51,7998358.924,7560497.045,7495512.513,84,21,9.2,37,504260947,591958503,191619159.9,312641787.1,361094686.8,150061480.5,80802335.66
2014,1,1/1/2014,1009,1052759.821,834821728.2,29.1,1,1.236,67,119,964,925,407.4490445,6.6,102.4621,11562.2,202664574.6,NA,39797412526,3648096148,29.1,6.6,4811624.798,5437889.332,6201478.758,6580931.441,7098045.005,7495512.513,8331060.934,8615484.194,7998358.924,7581849.529,36,9,8.6,37,461907023.4,362926946.9,203239090.3,258667933.1,210497629.2,70117486.15,82311831.56
2014,12,1/12/2014,1300,898205.673,976567717.4,31.8,0.714320162,1.258,53,130,1254,1266,409.7630637,5.6,106.5182,12082.4,203475848.4,236.29,41182498128,3677020583,31.8,7.1,5565568.055,5647765.095,5727769.76,6490472.271,6970366.162,6781963.511,7429089.092,7338173.128,7706867.498,7147632.864,65,16,11.4,23,326901004.3,533364796.5,215754662.8,111146341.5,341353469.8,71044190.89,120967135.8
2014,10,1/10/2014,1266,924512.5163,1055163410,32,0.728823755,1.254,28,128,1247,1375,409.1562272,5.7,105.6441,12049.5,203375645.5,237.506,40927127081,3659166110,32,7.7,7603050.91,NA,5843913.371,5727769.76,6610488.161,6639756.797,6781963.511,6234998.788,5437889.332,5565568.055,72,18,9.5,34,341113246,662161007,119389636.1,221723609.9,92702540.98,353064248.9,216394217.1
2014,8,1/8/2014,1375,951589.8402,1096219450,35.1,1.012255215,1.25,68,126,1667,1555,408.3134683,6.2,105.1989,11965.9,203152673.1,237.256,40673339579,3732543299,35.1,7.8,7706867.498,7603050.91,6133294.067,5843913.371,5727769.76,6610488.161,6639756.797,6781963.511,6234998.788,5437889.332,80,20,3.5,31,200019047.4,752452606.9,62005904.69,138013142.7,443947038.1,95636726.34,212868842.5
2014,2,1/2/2014,1153,1037673.679,1119969412,32.6,1.04,1.238,51,120,1009,964,407.3935983,6.7,103.2919,11631.4,202917349.7,235.672,39921380458,3672767002,32.6,5.9,7495512.513,7706867.498,7603050.91,6133294.067,5843913.371,5727769.76,6610488.161,6639756.797,NA,6234998.788,80,20,3.6,26,605707750.2,403805166.8,211997712.6,393710037.6,218054790.1,78015158.23,107735218.5
2014,9,1/9/2014,1247,937953.4731,1138322755,31.8,0.809804172,1.252,76,127,1375,1667,408.1587912,5.9,105.575,11978.6,203257401.5,237.486,40800036002,3675336662,31.8,5.3,7560497.045,7495512.513,7706867.498,7603050.91,6133294.067,5843913.371,5727769.76,6610488.161,6639756.797,6781963.511,84,21,11.5,22,670151307.3,315365321.1,214448418.3,455702889,208141111.9,47178652.03,60045557.14
2014,11,1/11/2014,1254,911264.1697,1143307754,31.2,0.721535517,1.256,37,129,1266,1247,409.3737674,5.8,106.6868,12095.7,203508335.8,237.118,41054614045,3668070855,31.2,5.6,7998358.924,7560497.045,7495512.513,7706867.498,7603050.91,6133294.067,5843913.371,5727769.76,6610488.161,6639756.797,63,16,9.3,19,492544819.6,342276908.6,201943376.1,290601443.6,65032612.63,141394590.9,135849705
2014,3,1/3/2014,1239,1022803.723,1266053612,34.3,1.0816,1.24,49,121,1153,1009,406.4024343,6.7,104.0896,11714.6,202801893.8,235.978,40045734547,3698090100,34.3,6.2,7373622.123,NA,7506335.036,7437522.046,7372736.05,7846427.51,7998358.924,7560497.045,7495512.513,7706867.498,81,20,12.7,37,649369677.6,860792363.4,435077684,214291993.6,387356563.5,279327121.9,194108677.9
2014,4,1/4/2014,1335,1008146.854,1329721639,36.1,1.124864,1.242,63,122,1239,1153,406.9534133,6.2,104.2409,11757.1,202837350.2,236.471,40170475996,3724092352,36.1,5.7,7401084.26,7450141.896,7234954.839,NA,7373622.123,7473872.916,7506335.036,7437522.046,7372736.05,7846427.51,106,27,12.9,26,663118497.3,480189256.7,397871098.4,265247398.9,129651099.3,227849802.3,122688355.1
2014,5,1/5/2014,1412,993700.0203,1355776618,37.4,1.16985856,1.244,33,123,1335,1239,407.5143972,6.3,104.6541,11790.1,202891039.8,236.832,40295606011,3750801831,37.4,NA,7521874.187,7410734.829,7401084.26,7450141.896,7234954.839,7408825.502,7373622.123,7473872.916,7506335.036,7437522.046,85,21,12.2,21,773284931.5,205556754,363443917.8,409841013.7,141834160.2,31224070.93,32498522.8
2014,6,1/6/2014,1555,979460.2106,1442096282,40.3,1.216652902,1.246,60,124,1412,1335,407.7812854,6.1,105.1223,11854.4,203055285.8,237.029,40421125804,3778247817,40.3,6.7,6925582.262,7132892.322,7371884.481,7521874.187,7410734.829,7401084.26,7450141.896,7234954.839,7408825.502,7373622.123,101,25,NA,28,739790614,739790614,443874368.4,295916245.6,332905776.3,142409693.2,264475144.5
2014,7,1/7/2014,1667,965424.4586,1510162041,42.3,1.265319018,1.248,42,125,1555,1412,407.8490439,6.2,105.2073,11878.5,202977700.9,237.424,40547036587,3806460853,42.3,5.9,6650320.945,6644256.364,6699160.789,6808533.725,6925582.262,7132892.322,7371884.481,7521874.187,7410734.829,7401084.26,115,29,9.5,38,788664293.8,619664802.2,512631790.9,276032502.8,266455865,194264915.5,158944021.8
2015,1,1/1/2015,1389,885334.3058,978841685.5,32.5,1,1.261,66,131,1300,1254,410.4473033,5.7,105.9906,12056.3,NA,234.913,41306530243,3786431939,32.5,5.7,5437889.332,5565568.055,5647765.095,5727769.76,6490472.271,6970366.162,6781963.511,7429089.092,7338173.128,7706867.498,47,12,9.6,21,280606062,420909092.9,165557576.6,115048485.4,58927273.01,148412546.2,213569273.8
2015,2,1/2/2015,1597,872647.3864,1228930307,36.6,1.04,1.264,60,132,1389,1300,410.3709261,5.5,105.8576,12087.5,203998078.1,235.489,41430935915,3811646104,36.6,6.7,7506335.036,7437522.046,7372736.05,7846427.51,7998358.924,7560497.045,7495512.513,7706867.498,7603050.91,NA,75,19,11.8,33,799908204.6,555868413.4,519940333,279967871.6,344638416.3,65481299.1,145748698
2015,10,1/10/2015,1780,777482.7938,1241555008,36.5,0.728823755,1.288,22,140,1735,1932,NA,5,105.1649,12402.1,205798070,237.792,42439765019,3794406326,36.5,4.9,7473872.916,7506335.036,7437522.046,7372736.05,7846427.51,7998358.924,7560497.045,7495512.513,7706867.498,7603050.91,79,20,12.7,35,879678732,562417550,325481130.8,554197601.2,382443934,95386016.48,84587599.52
2015,12,1/12/2015,1834,755359.6558,1273347146,36.3,0.714320162,1.294,22,142,1754,1780,412.7795515,5,104.0452,12471.8,206024614,237.846,42695787402,3812136132,36.3,5.4,7234954.839,7408825.502,7373622.123,7473872.916,7506335.036,7437522.046,7372736.05,7846427.51,7998358.924,7560497.045,95,24,13.3,35,330113599,808209156.1,178261343.4,151852255.5,387940394.9,126080628.3,294188132.8
2015,9,1/9/2015,1735,788786.1699,1303258161,35.9,0.809804172,1.285,40,139,1932,2381,411.5458458,5,105.3072,12387.2,205684798,237.467,NA,3811566688,35.9,5.4,7450141.896,7234954.839,7408825.502,7373622.123,7473872.916,7506335.036,7437522.046,7372736.05,7846427.51,7998358.924,107,27,13.3,32,253239218.4,801924191.6,106360471.7,146878746.7,368885128.1,255493047.4,177546016
2015,11,1/11/2015,1754,766341.3962,1335228290,35.3,0.721535517,1.291,28,141,1780,1735,412.3251114,5,104.4871,12442.4,205911342,238.153,42567583730,3803248840,35.3,4.9,7410734.829,7401084.26,7450141.896,7234954.839,7408825.502,7373622.123,7473872.916,7506335.036,7437522.046,7372736.05,111,28,11.5,22,566409276.1,410158441.3,288868730.8,277540545.3,184571298.6,76699628.52,148887514.2
2015,8,1/8/2015,1932,800253.8792,1408329096,39.9,1.012255215,1.282,45,138,2381,2196,410.3001302,5.1,105.5783,12355.6,205571526,237.811,42185277858,3871292051,39.9,4.7,7132892.322,7371884.481,7521874.187,7410734.829,7401084.26,7450141.896,7234954.839,7408825.502,7373622.123,7473872.916,98,25,12.5,25,416064157.9,1069879263,141461813.7,274602344.2,663325143.1,158556106.8,247998013.2
2015,4,1/4/2015,1867,847816.3564,1479581228,41,1.124864,1.27,62,134,1739,1597,409.7368146,5.4,105.2732,12181,205118438,236.201,41680872428,3864116976,41,5.4,6699160.789,6808533.725,6925582.262,7132892.322,7371884.481,7521874.187,7410734.829,7401084.26,7450141.896,7234954.839,109,27,7.1,35,989210494.3,716324840.7,306655253.2,682555241.1,78795732.48,376142173.9,261386934.4
2015,3,1/3/2015,1739,860142.2717,1485943421,39,1.0816,1.267,35,133,1597,1389,410.0162834,5.4,105.515,12152.9,204026416,235.989,41555716267,3837531878,39,4.5,6644256.364,6699160.789,6808533.725,6925582.262,7132892.322,7371884.481,7521874.187,7410734.829,7401084.26,NA,113,28,7.8,38,837519815.9,944437239.2,569513474.8,268006341.1,538329226.3,129954564.1,276153448.7
2015,5,1/5/2015,1981,835667.0725,1605647986,42.5,1.16985856,1.273,76,135,1867,1739,409.7276797,5.5,105.0259,12257.7,205231710,236.891,41806405531,3891430306,42.5,5.4,7047623.699,6975109.489,6945159.564,6957573.258,6926868.075,6650320.945,6644256.364,6699160.789,6808533.725,6925582.262,117,29,13.7,21,453930037.4,921615530.6,236043619.5,217886418,377862367.5,163125948.9,380627214.1
2015,6,1/6/2015,2196,823691.889,1705535335,46.1,1.216652902,1.276,70,136,1981,1867,409.7370201,5.3,104.8599,12281.8,205344982,237.419,41932316711,3919502016,46.1,3.8,8297727.131,7686389.721,7047623.699,6975109.489,6945159.564,6957573.258,6926868.075,6650320.945,6644256.364,6699160.789,137,34,NA,25,NA,NA,NA,NA,NA,NA,NA
2015,7,1/7/2015,2381,811888.3109,1781957055,49,1.265319018,1.279,44,137,2196,1981,409.9193191,5.2,105.4755,12327.9,205458254,237.876,42058607106,NA,49,5.3,8247021.827,8297727.131,7686389.721,7047623.699,6975109.489,6945159.564,6957573.258,6926868.075,6650320.945,6644256.364,141,35,12.7,27,980454896.7,905035289.3,294136469,686318427.7,126704940.5,233499104.6,544831244.1
2016,1,1/1/2016,1966,744535.2847,1375545568,37.3,1,1.297,54,143,1834,1754,413.3651354,4.9,104.5495,12479.1,206137886,238.106,42820253344,3925189890,37.3,6.6,7371884.481,7521874.187,7410734.829,7401084.26,7450141.896,7234954.839,7408825.502,7373622.123,7473872.916,7506335.036,93,23,13.4,24,774226093.4,454704213.6,541958265.4,232267828,222805064.7,76526719.15,155372429.8
2016,10,1/10/2016,2510,653835.9233,1476727342,41.8,0.728823755,1.324,77,152,2455,2766,417.8238767,4.8,104.437,12946.5,207157334,241.694,43956902240,3930048808,41.8,6.8,6808533.725,6925582.262,7132892.322,7371884.481,7521874.187,7410734.829,7401084.26,7450141.896,7234954.839,7408825.502,102,26,7,34,481694395.8,1123953590,327552189.1,154142206.7,213551182.1,427889131.8,482513276.3
2016,2,1/2/2016,2270,NA,1530532015,42.2,1.04,1.3,58,144,1966,1834,415.61012,4.9,104.414,12504.3,206251158,237.808,42945082128,3950947556,42.2,6.1,6926868.075,6650320.945,6644256.364,6699160.789,6808533.725,6925582.262,7132892.322,7371884.481,7521874.187,7410734.829,128,32,13.7,35,729824570.2,573433590.8,233543862.5,496280707.7,103218046.4,159873285.1,310342259.4
2016,12,1/12/2016,2658,635231.1355,1532355351,42.8,0.714320162,1.33,21,154,2477,2510,418.4807783,4.7,104.8175,13043.5,207383878,242.821,44213560439,3947652017,42.8,4.7,6957573.258,6926868.075,NA,6644256.364,6699160.789,6808533.725,6925582.262,7132892.322,7371884.481,7521874.187,146,37,9.5,32,695270804.5,546284203.5,312871862,382398942.5,229439365.5,136243280.4,180601557.7
2016,9,1/9/2016,2455,663341.6685,1542484084,41.2,0.809804172,1.321,78,151,2766,3462,418.89963,4.9,104.1471,12894.9,207044062,241.006,43829132392,3948202818,41.2,5.3,6945159.564,6957573.258,6926868.075,6650320.945,6644256.364,6699160.789,6808533.725,6925582.262,7132892.322,7371884.481,145,36,8.2,27,387216204.1,948012085.9,224585398.4,162630805.7,170642175.5,419779751.6,357590158.8
2016,11,1/11/2016,2477,644466.3963,1591984164,40.5,0.721535517,1.327,77,153,2510,2455,422.3102516,4.6,104.1869,12978.5,207270606,242.199,44085044560,3938828092,40.5,6.6,6975109.489,6945159.564,6957573.258,6926868.075,6650320.945,6644256.364,6699160.789,6808533.725,6925582.262,7132892.322,153,38,11.8,22,560272744.2,713074401.8,240917280,319355464.2,463498361.1,112309218.3,137266822.3
2016,8,1/8/2016,2766,672985.6122,1700259586,46.4,1.012255215,1.318,79,150,3462,3192,418.53863,4.9,104.4342,12804.7,206930790,240.389,43701733933,4010455395,46.4,6.2,7686389.721,7047623.699,6975109.489,6945159.564,6957573.258,6926868.075,6650320.945,6644256.364,6699160.789,6808533.725,129,32,13.8,21,688739406.8,841792608.3,206621822,482117584.7,404060452,306412509.4,131319646.9
2016,4,1/4/2016,2702,712983.9973,1885490186,48.1,1.124864,1.306,35,146,2502,2270,417.8608572,5,103.8385,12642.8,206477702,238.908,43195832450,4004564678,48.1,5.1,8125265.854,8247021.827,8297727.131,7686389.721,7047623.699,6975109.489,6945159.564,6957573.258,6926868.075,6650320.945,144,36,12.9,33,951048737.8,1030302799,466013881.5,485034856.3,185454503.9,321042352.2,523805943.1
2016,5,1/5/2016,2870,702766.8731,1981351537,50,1.16985856,1.309,44,147,2702,2502,417.898879,4.7,103.6937,12684.5,206590974,239.362,NA,4032482403,50,4.3,7885137.872,8125265.854,8247021.827,8297727.131,7686389.721,7047623.699,6975109.489,6945159.564,6957573.258,6926868.075,NA,39,13.8,35,570886858.9,1467994780,331114378.2,239772480.7,880796868,205519269.2,381678642.8
2016,6,1/6/2016,3192,692696.1613,2038881639,54.4,1.216652902,1.312,50,148,2870,2702,417.6084646,4.9,104.2222,12750.8,206704246,239.842,43448046869,4061180509,54.4,4,7665771.004,7885137.872,8125265.854,8247021.827,8297727.131,7686389.721,7047623.699,6975109.489,6945159.564,6957573.258,160,40,14,38,678076859.1,1582179338,332257661,345819198.1,506297388.1,548699794.4,527182155.4
2016,7,1/7/2016,3462,682769.7637,2260256197,57.8,1.265319018,1.315,80,149,3192,2870,417.3567921,4.9,104.5225,12796.8,206817518,239.898,43574705784,4090691348,57.8,5.4,7961091.223,7665771.004,7885137.872,8125265.854,8247021.827,8297727.131,7686389.721,7047623.699,6975109.489,6945159.564,159,40,14.2,39,1292197285,408062300.6,581488778.4,710708506.9,142821805.2,100791388.3,164449107.2
2016,3,1/3/2016,2502,NA,NA,45.5,1.0816,1.303,36,145,2270,1966,417.6329575,5,103.4255,12510.5,206364430,238.078,43070274809,3977396311,45.5,3.5,7429089.092,9010419.93,7451394.112,7961091.223,7961091.223,7665771.004,7885137.872,8125265.854,8247021.827,8297727.131,215,54,14.6,23,904089657.1,628265693.9,397799449.1,506290208,320415503.9,132375581.7,175474608.3
